Block,Locality,Pool,PoolID,PoolType,LocalityType,Pool.Locality,Day,Rafts
1,1,1,11.1,Control,CCL,Control.CCL,1,12
1,1,1,11.1,Control,CCL,Control.CCL,2,30
1,1,1,11.1,Control,CCL,Control.CCL,3,8
1,1,1,11.1,Control,CCL,Control.CCL,4,0
1,1,1,11.1,Control,CCL,Control.CCL,5,41
1,1,2,11.2,Competition,CCL,Competition.CCL,1,3
1,1,2,11.2,Competition,CCL,Competition.CCL,2,34
1,1,2,11.2,Competition,CCL,Competition.CCL,3,7
1,1,2,11.2,Competition,CCL,Competition.CCL,4,0
1,1,2,11.2,Competition,CCL,Competition.CCL,5,8
1,1,3,11.3,Control,CCL,Control.CCL,1,41
1,1,3,11.3,Control,CCL,Control.CCL,2,16
1,1,3,11.3,Control,CCL,Control.CCL,3,27
1,1,3,11.3,Control,CCL,Control.CCL,4,1
1,1,3,11.3,Control,CCL,Control.CCL,5,56
1,2,1,12.1,Control,CCC,Control.CCC,1,17
1,2,1,12.1,Control,CCC,Control.CCC,2,35
1,2,1,12.1,Control,CCC,Control.CCC,3,5
1,2,1,12.1,Control,CCC,Control.CCC,4,0
1,2,1,12.1,Control,CCC,Control.CCC,5,55
1,2,2,12.2,Control,CCC,Control.CCC,1,30
1,2,2,12.2,Control,CCC,Control.CCC,2,23
1,2,2,12.2,Control,CCC,Control.CCC,3,6
1,2,2,12.2,Control,CCC,Control.CCC,4,0
1,2,2,12.2,Control,CCC,Control.CCC,5,20
1,2,3,12.3,Control,CCC,Control.CCC,1,12
1,2,3,12.3,Control,CCC,Control.CCC,2,39
1,2,3,12.3,Control,CCC,Control.CCC,3,16
1,2,3,12.3,Control,CCC,Control.CCC,4,1
1,2,3,12.3,Control,CCC,Control.CCC,5,32
1,3,1,13.1,Control,CLL,Control.CLL,1,5
1,3,1,13.1,Control,CLL,Control.CLL,2,16
1,3,1,13.1,Control,CLL,Control.CLL,3,14
1,3,1,13.1,Control,CLL,Control.CLL,4,0
1,3,1,13.1,Control,CLL,Control.CLL,5,36
1,3,2,13.2,Competition,CLL,Competition.CLL,1,0
1,3,2,13.2,Competition,CLL,Competition.CLL,2,2
1,3,2,13.2,Competition,CLL,Competition.CLL,3,10
1,3,2,13.2,Competition,CLL,Competition.CLL,4,0
1,3,2,13.2,Competition,CLL,Competition.CLL,5,2
1,3,3,13.3,Competition,CLL,Competition.CLL,1,0
1,3,3,13.3,Competition,CLL,Competition.CLL,2,5
1,3,3,13.3,Competition,CLL,Competition.CLL,3,8
1,3,3,13.3,Competition,CLL,Competition.CLL,4,0
1,3,3,13.3,Competition,CLL,Competition.CLL,5,2
1,4,1,14.1,Competition,LLL,Competition.LLL,1,0
1,4,1,14.1,Competition,LLL,Competition.LLL,2,4
1,4,1,14.1,Competition,LLL,Competition.LLL,3,11
1,4,1,14.1,Competition,LLL,Competition.LLL,4,0
1,4,1,14.1,Competition,LLL,Competition.LLL,5,1
1,4,2,14.2,Competition,LLL,Competition.LLL,1,0
1,4,2,14.2,Competition,LLL,Competition.LLL,2,2
1,4,2,14.2,Competition,LLL,Competition.LLL,3,5
1,4,2,14.2,Competition,LLL,Competition.LLL,4,0
1,4,2,14.2,Competition,LLL,Competition.LLL,5,1
1,4,3,14.3,Competition,LLL,Competition.LLL,1,0
1,4,3,14.3,Competition,LLL,Competition.LLL,2,7
1,4,3,14.3,Competition,LLL,Competition.LLL,3,3
1,4,3,14.3,Competition,LLL,Competition.LLL,4,1
1,4,3,14.3,Competition,LLL,Competition.LLL,5,2
2,1,1,21.1,Competition,LLL,Competition.LLL,1,3
2,1,1,21.1,Competition,LLL,Competition.LLL,2,2
2,1,1,21.1,Competition,LLL,Competition.LLL,3,0
2,1,1,21.1,Competition,LLL,Competition.LLL,4,0
2,1,1,21.1,Competition,LLL,Competition.LLL,5,0
2,1,1,21.1,Competition,LLL,Competition.LLL,6,0
2,1,1,21.1,Competition,LLL,Competition.LLL,7,0
2,1,1,21.1,Competition,LLL,Competition.LLL,8,0
2,1,1,21.1,Competition,LLL,Competition.LLL,9,3
2,1,1,21.1,Competition,LLL,Competition.LLL,10,0
2,1,1,21.1,Competition,LLL,Competition.LLL,11,0
2,1,1,21.1,Competition,LLL,Competition.LLL,12,0
2,1,1,21.1,Competition,LLL,Competition.LLL,13,0
2,1,1,21.1,Competition,LLL,Competition.LLL,14,0
2,1,1,21.1,Competition,LLL,Competition.LLL,15,0
2,1,2,21.2,Competition,LLL,Competition.LLL,1,0
2,1,2,21.2,Competition,LLL,Competition.LLL,2,2
2,1,2,21.2,Competition,LLL,Competition.LLL,3,0
2,1,2,21.2,Competition,LLL,Competition.LLL,4,2
2,1,2,21.2,Competition,LLL,Competition.LLL,5,0
2,1,2,21.2,Competition,LLL,Competition.LLL,6,0
2,1,2,21.2,Competition,LLL,Competition.LLL,7,0
2,1,2,21.2,Competition,LLL,Competition.LLL,8,2
2,1,2,21.2,Competition,LLL,Competition.LLL,9,2
2,1,2,21.2,Competition,LLL,Competition.LLL,10,2
2,1,2,21.2,Competition,LLL,Competition.LLL,11,0
2,1,2,21.2,Competition,LLL,Competition.LLL,12,0
2,1,2,21.2,Competition,LLL,Competition.LLL,13,0
2,1,2,21.2,Competition,LLL,Competition.LLL,14,1
2,1,2,21.2,Competition,LLL,Competition.LLL,15,0
2,1,3,21.3,Competition,LLL,Competition.LLL,1,1
2,1,3,21.3,Competition,LLL,Competition.LLL,2,14
2,1,3,21.3,Competition,LLL,Competition.LLL,3,0
2,1,3,21.3,Competition,LLL,Competition.LLL,4,0
2,1,3,21.3,Competition,LLL,Competition.LLL,5,1
2,1,3,21.3,Competition,LLL,Competition.LLL,6,1
2,1,3,21.3,Competition,LLL,Competition.LLL,7,0
2,1,3,21.3,Competition,LLL,Competition.LLL,8,4
2,1,3,21.3,Competition,LLL,Competition.LLL,9,3
2,1,3,21.3,Competition,LLL,Competition.LLL,10,0
2,1,3,21.3,Competition,LLL,Competition.LLL,11,0
2,1,3,21.3,Competition,LLL,Competition.LLL,12,0
2,1,3,21.3,Competition,LLL,Competition.LLL,13,0
2,1,3,21.3,Competition,LLL,Competition.LLL,14,1
2,1,3,21.3,Competition,LLL,Competition.LLL,15,0
2,2,1,22.1,Competition,CLL,Competition.CLL,1,0
2,2,1,22.1,Competition,CLL,Competition.CLL,2,13
2,2,1,22.1,Competition,CLL,Competition.CLL,3,0
2,2,1,22.1,Competition,CLL,Competition.CLL,4,11
2,2,1,22.1,Competition,CLL,Competition.CLL,5,1
2,2,1,22.1,Competition,CLL,Competition.CLL,6,0
2,2,1,22.1,Competition,CLL,Competition.CLL,7,0
2,2,1,22.1,Competition,CLL,Competition.CLL,8,2
2,2,1,22.1,Competition,CLL,Competition.CLL,9,2
2,2,1,22.1,Competition,CLL,Competition.CLL,10,0
2,2,1,22.1,Competition,CLL,Competition.CLL,11,0
2,2,1,22.1,Competition,CLL,Competition.CLL,12,0
2,2,1,22.1,Competition,CLL,Competition.CLL,13,0
2,2,1,22.1,Competition,CLL,Competition.CLL,14,0
2,2,1,22.1,Competition,CLL,Competition.CLL,15,0
2,2,2,22.2,Control,CLL,Control.CLL,1,5
2,2,2,22.2,Control,CLL,Control.CLL,2,10
2,2,2,22.2,Control,CLL,Control.CLL,3,0
2,2,2,22.2,Control,CLL,Control.CLL,4,1
2,2,2,22.2,Control,CLL,Control.CLL,5,1
2,2,2,22.2,Control,CLL,Control.CLL,6,2
2,2,2,22.2,Control,CLL,Control.CLL,7,0
2,2,2,22.2,Control,CLL,Control.CLL,8,0
2,2,2,22.2,Control,CLL,Control.CLL,9,0
2,2,2,22.2,Control,CLL,Control.CLL,10,0
2,2,2,22.2,Control,CLL,Control.CLL,11,0
2,2,2,22.2,Control,CLL,Control.CLL,12,1
2,2,2,22.2,Control,CLL,Control.CLL,13,0
2,2,2,22.2,Control,CLL,Control.CLL,14,0
2,2,2,22.2,Control,CLL,Control.CLL,15,0
2,2,3,22.3,Competition,CLL,Competition.CLL,1,2
2,2,3,22.3,Competition,CLL,Competition.CLL,2,8
2,2,3,22.3,Competition,CLL,Competition.CLL,3,0
2,2,3,22.3,Competition,CLL,Competition.CLL,4,0
2,2,3,22.3,Competition,CLL,Competition.CLL,5,0
2,2,3,22.3,Competition,CLL,Competition.CLL,6,0
2,2,3,22.3,Competition,CLL,Competition.CLL,7,1
2,2,3,22.3,Competition,CLL,Competition.CLL,8,0
2,2,3,22.3,Competition,CLL,Competition.CLL,9,1
2,2,3,22.3,Competition,CLL,Competition.CLL,10,0
2,2,3,22.3,Competition,CLL,Competition.CLL,11,0
2,2,3,22.3,Competition,CLL,Competition.CLL,12,0
2,2,3,22.3,Competition,CLL,Competition.CLL,13,0
2,2,3,22.3,Competition,CLL,Competition.CLL,14,1
2,2,3,22.3,Competition,CLL,Competition.CLL,15,0
2,3,1,23.1,Control,CCL,Control.CCL,1,13
2,3,1,23.1,Control,CCL,Control.CCL,2,8
2,3,1,23.1,Control,CCL,Control.CCL,3,0
2,3,1,23.1,Control,CCL,Control.CCL,4,6
2,3,1,23.1,Control,CCL,Control.CCL,5,2
2,3,1,23.1,Control,CCL,Control.CCL,6,0
2,3,1,23.1,Control,CCL,Control.CCL,7,0
2,3,1,23.1,Control,CCL,Control.CCL,8,1
2,3,1,23.1,Control,CCL,Control.CCL,9,1
2,3,1,23.1,Control,CCL,Control.CCL,10,0
2,3,1,23.1,Control,CCL,Control.CCL,11,0
2,3,1,23.1,Control,CCL,Control.CCL,12,0
2,3,1,23.1,Control,CCL,Control.CCL,13,0
2,3,1,23.1,Control,CCL,Control.CCL,14,0
2,3,1,23.1,Control,CCL,Control.CCL,15,0
2,3,2,23.2,Control,CCL,Control.CCL,1,12
2,3,2,23.2,Control,CCL,Control.CCL,2,15
2,3,2,23.2,Control,CCL,Control.CCL,3,0
2,3,2,23.2,Control,CCL,Control.CCL,4,4
2,3,2,23.2,Control,CCL,Control.CCL,5,2
2,3,2,23.2,Control,CCL,Control.CCL,6,1
2,3,2,23.2,Control,CCL,Control.CCL,7,1
2,3,2,23.2,Control,CCL,Control.CCL,8,0
2,3,2,23.2,Control,CCL,Control.CCL,9,5
2,3,2,23.2,Control,CCL,Control.CCL,10,0
2,3,2,23.2,Control,CCL,Control.CCL,11,0
2,3,2,23.2,Control,CCL,Control.CCL,12,0
2,3,2,23.2,Control,CCL,Control.CCL,13,0
2,3,2,23.2,Control,CCL,Control.CCL,14,0
2,3,2,23.2,Control,CCL,Control.CCL,15,0
2,3,3,23.3,Competition,CCL,Competition.CCL,1,0
2,3,3,23.3,Competition,CCL,Competition.CCL,2,1
2,3,3,23.3,Competition,CCL,Competition.CCL,3,0
2,3,3,23.3,Competition,CCL,Competition.CCL,4,0
2,3,3,23.3,Competition,CCL,Competition.CCL,5,1
2,3,3,23.3,Competition,CCL,Competition.CCL,6,0
2,3,3,23.3,Competition,CCL,Competition.CCL,7,0
2,3,3,23.3,Competition,CCL,Competition.CCL,8,0
2,3,3,23.3,Competition,CCL,Competition.CCL,9,2
2,3,3,23.3,Competition,CCL,Competition.CCL,10,0
2,3,3,23.3,Competition,CCL,Competition.CCL,11,0
2,3,3,23.3,Competition,CCL,Competition.CCL,12,0
2,3,3,23.3,Competition,CCL,Competition.CCL,13,0
2,3,3,23.3,Competition,CCL,Competition.CCL,14,0
2,3,3,23.3,Competition,CCL,Competition.CCL,15,0
2,4,1,24.1,Control,CCC,Control.CCC,1,25
2,4,1,24.1,Control,CCC,Control.CCC,2,1
2,4,1,24.1,Control,CCC,Control.CCC,3,0
2,4,1,24.1,Control,CCC,Control.CCC,4,14
2,4,1,24.1,Control,CCC,Control.CCC,5,1
2,4,1,24.1,Control,CCC,Control.CCC,6,2
2,4,1,24.1,Control,CCC,Control.CCC,7,5
2,4,1,24.1,Control,CCC,Control.CCC,8,15
2,4,1,24.1,Control,CCC,Control.CCC,9,3
2,4,1,24.1,Control,CCC,Control.CCC,10,0
2,4,1,24.1,Control,CCC,Control.CCC,11,0
2,4,1,24.1,Control,CCC,Control.CCC,12,0
2,4,1,24.1,Control,CCC,Control.CCC,13,0
2,4,1,24.1,Control,CCC,Control.CCC,14,0
2,4,1,24.1,Control,CCC,Control.CCC,15,0
2,4,2,24.2,Control,CCC,Control.CCC,1,27
2,4,2,24.2,Control,CCC,Control.CCC,2,6
2,4,2,24.2,Control,CCC,Control.CCC,3,0
2,4,2,24.2,Control,CCC,Control.CCC,4,15
2,4,2,24.2,Control,CCC,Control.CCC,5,3
2,4,2,24.2,Control,CCC,Control.CCC,6,0
2,4,2,24.2,Control,CCC,Control.CCC,7,3
2,4,2,24.2,Control,CCC,Control.CCC,8,3
2,4,2,24.2,Control,CCC,Control.CCC,9,2
2,4,2,24.2,Control,CCC,Control.CCC,10,0
2,4,2,24.2,Control,CCC,Control.CCC,11,0
2,4,2,24.2,Control,CCC,Control.CCC,12,0
2,4,2,24.2,Control,CCC,Control.CCC,13,0
2,4,2,24.2,Control,CCC,Control.CCC,14,1
2,4,2,24.2,Control,CCC,Control.CCC,15,0
2,4,3,24.3,Control,CCC,Control.CCC,1,12
2,4,3,24.3,Control,CCC,Control.CCC,2,12
2,4,3,24.3,Control,CCC,Control.CCC,3,0
2,4,3,24.3,Control,CCC,Control.CCC,4,5
2,4,3,24.3,Control,CCC,Control.CCC,5,2
2,4,3,24.3,Control,CCC,Control.CCC,6,1
2,4,3,24.3,Control,CCC,Control.CCC,7,3
2,4,3,24.3,Control,CCC,Control.CCC,8,5
2,4,3,24.3,Control,CCC,Control.CCC,9,3
2,4,3,24.3,Control,CCC,Control.CCC,10,0
2,4,3,24.3,Control,CCC,Control.CCC,11,0
2,4,3,24.3,Control,CCC,Control.CCC,12,0
2,4,3,24.3,Control,CCC,Control.CCC,13,0
2,4,3,24.3,Control,CCC,Control.CCC,14,0
2,4,3,24.3,Control,CCC,Control.CCC,15,0
3,1,1,31.1,Competition,LLL,Competition.LLL,1,1
3,1,1,31.1,Competition,LLL,Competition.LLL,2,1
3,1,1,31.1,Competition,LLL,Competition.LLL,3,0
3,1,1,31.1,Competition,LLL,Competition.LLL,4,2
3,1,1,31.1,Competition,LLL,Competition.LLL,5,4
3,1,1,31.1,Competition,LLL,Competition.LLL,6,3
3,1,1,31.1,Competition,LLL,Competition.LLL,7,2
3,1,1,31.1,Competition,LLL,Competition.LLL,8,4
3,1,1,31.1,Competition,LLL,Competition.LLL,9,2
3,1,1,31.1,Competition,LLL,Competition.LLL,10,0
3,1,1,31.1,Competition,LLL,Competition.LLL,11,1
3,1,1,31.1,Competition,LLL,Competition.LLL,12,0
3,1,1,31.1,Competition,LLL,Competition.LLL,13,0
3,1,1,31.1,Competition,LLL,Competition.LLL,14,5
3,1,1,31.1,Competition,LLL,Competition.LLL,15,0
3,1,2,31.2,Competition,LLL,Competition.LLL,1,2
3,1,2,31.2,Competition,LLL,Competition.LLL,2,10
3,1,2,31.2,Competition,LLL,Competition.LLL,3,0
3,1,2,31.2,Competition,LLL,Competition.LLL,4,1
3,1,2,31.2,Competition,LLL,Competition.LLL,5,11
3,1,2,31.2,Competition,LLL,Competition.LLL,6,5
3,1,2,31.2,Competition,LLL,Competition.LLL,7,3
3,1,2,31.2,Competition,LLL,Competition.LLL,8,10
3,1,2,31.2,Competition,LLL,Competition.LLL,9,6
3,1,2,31.2,Competition,LLL,Competition.LLL,10,0
3,1,2,31.2,Competition,LLL,Competition.LLL,11,8
3,1,2,31.2,Competition,LLL,Competition.LLL,12,0
3,1,2,31.2,Competition,LLL,Competition.LLL,13,4
3,1,2,31.2,Competition,LLL,Competition.LLL,14,24
3,1,2,31.2,Competition,LLL,Competition.LLL,15,0
3,1,3,31.3,Competition,LLL,Competition.LLL,1,0
3,1,3,31.3,Competition,LLL,Competition.LLL,2,3
3,1,3,31.3,Competition,LLL,Competition.LLL,3,3
3,1,3,31.3,Competition,LLL,Competition.LLL,4,5
3,1,3,31.3,Competition,LLL,Competition.LLL,5,0
3,1,3,31.3,Competition,LLL,Competition.LLL,6,3
3,1,3,31.3,Competition,LLL,Competition.LLL,7,4
3,1,3,31.3,Competition,LLL,Competition.LLL,8,2
3,1,3,31.3,Competition,LLL,Competition.LLL,9,2
3,1,3,31.3,Competition,LLL,Competition.LLL,10,0
3,1,3,31.3,Competition,LLL,Competition.LLL,11,1
3,1,3,31.3,Competition,LLL,Competition.LLL,12,0
3,1,3,31.3,Competition,LLL,Competition.LLL,13,6
3,1,3,31.3,Competition,LLL,Competition.LLL,14,3
3,1,3,31.3,Competition,LLL,Competition.LLL,15,0
3,2,1,32.1,Control,CLL,Control.CLL,1,13
3,2,1,32.1,Control,CLL,Control.CLL,2,7
3,2,1,32.1,Control,CLL,Control.CLL,3,2
3,2,1,32.1,Control,CLL,Control.CLL,4,20
3,2,1,32.1,Control,CLL,Control.CLL,5,21
3,2,1,32.1,Control,CLL,Control.CLL,6,4
3,2,1,32.1,Control,CLL,Control.CLL,7,7
3,2,1,32.1,Control,CLL,Control.CLL,8,10
3,2,1,32.1,Control,CLL,Control.CLL,9,5
3,2,1,32.1,Control,CLL,Control.CLL,10,0
3,2,1,32.1,Control,CLL,Control.CLL,11,9
3,2,1,32.1,Control,CLL,Control.CLL,12,2
3,2,1,32.1,Control,CLL,Control.CLL,13,3
3,2,1,32.1,Control,CLL,Control.CLL,14,20
3,2,1,32.1,Control,CLL,Control.CLL,15,0
3,2,2,32.2,Competition,CLL,Competition.CLL,1,0
3,2,2,32.2,Competition,CLL,Competition.CLL,2,0
3,2,2,32.2,Competition,CLL,Competition.CLL,3,2
3,2,2,32.2,Competition,CLL,Competition.CLL,4,1
3,2,2,32.2,Competition,CLL,Competition.CLL,5,3
3,2,2,32.2,Competition,CLL,Competition.CLL,6,3
3,2,2,32.2,Competition,CLL,Competition.CLL,7,0
3,2,2,32.2,Competition,CLL,Competition.CLL,8,3
3,2,2,32.2,Competition,CLL,Competition.CLL,9,3
3,2,2,32.2,Competition,CLL,Competition.CLL,10,0
3,2,2,32.2,Competition,CLL,Competition.CLL,11,7
3,2,2,32.2,Competition,CLL,Competition.CLL,12,6
3,2,2,32.2,Competition,CLL,Competition.CLL,13,4
3,2,2,32.2,Competition,CLL,Competition.CLL,14,1
3,2,2,32.2,Competition,CLL,Competition.CLL,15,0
3,2,3,32.3,Competition,CLL,Competition.CLL,1,0
3,2,3,32.3,Competition,CLL,Competition.CLL,2,2
3,2,3,32.3,Competition,CLL,Competition.CLL,3,0
3,2,3,32.3,Competition,CLL,Competition.CLL,4,8
3,2,3,32.3,Competition,CLL,Competition.CLL,5,3
3,2,3,32.3,Competition,CLL,Competition.CLL,6,6
3,2,3,32.3,Competition,CLL,Competition.CLL,7,13
3,2,3,32.3,Competition,CLL,Competition.CLL,8,3
3,2,3,32.3,Competition,CLL,Competition.CLL,9,6
3,2,3,32.3,Competition,CLL,Competition.CLL,10,0
3,2,3,32.3,Competition,CLL,Competition.CLL,11,0
3,2,3,32.3,Competition,CLL,Competition.CLL,12,2
3,2,3,32.3,Competition,CLL,Competition.CLL,13,0
3,2,3,32.3,Competition,CLL,Competition.CLL,14,6
3,2,3,32.3,Competition,CLL,Competition.CLL,15,0
3,3,1,33.1,Control,CCC,Control.CCC,1,4
3,3,1,33.1,Control,CCC,Control.CCC,2,5
3,3,1,33.1,Control,CCC,Control.CCC,3,1
3,3,1,33.1,Control,CCC,Control.CCC,4,6
3,3,1,33.1,Control,CCC,Control.CCC,5,1
3,3,1,33.1,Control,CCC,Control.CCC,6,0
3,3,1,33.1,Control,CCC,Control.CCC,7,2
3,3,1,33.1,Control,CCC,Control.CCC,8,9
3,3,1,33.1,Control,CCC,Control.CCC,9,3
3,3,1,33.1,Control,CCC,Control.CCC,10,0
3,3,1,33.1,Control,CCC,Control.CCC,11,1
3,3,1,33.1,Control,CCC,Control.CCC,12,1
3,3,1,33.1,Control,CCC,Control.CCC,13,0
3,3,1,33.1,Control,CCC,Control.CCC,14,4
3,3,1,33.1,Control,CCC,Control.CCC,15,0
3,3,2,33.2,Control,CCC,Control.CCC,1,5
3,3,2,33.2,Control,CCC,Control.CCC,2,10
3,3,2,33.2,Control,CCC,Control.CCC,3,0
3,3,2,33.2,Control,CCC,Control.CCC,4,6
3,3,2,33.2,Control,CCC,Control.CCC,5,1
3,3,2,33.2,Control,CCC,Control.CCC,6,0
3,3,2,33.2,Control,CCC,Control.CCC,7,1
3,3,2,33.2,Control,CCC,Control.CCC,8,0
3,3,2,33.2,Control,CCC,Control.CCC,9,5
3,3,2,33.2,Control,CCC,Control.CCC,10,2
3,3,2,33.2,Control,CCC,Control.CCC,11,0
3,3,2,33.2,Control,CCC,Control.CCC,12,0
3,3,2,33.2,Control,CCC,Control.CCC,13,0
3,3,2,33.2,Control,CCC,Control.CCC,14,1
3,3,2,33.2,Control,CCC,Control.CCC,15,0
3,3,3,33.3,Control,CCC,Control.CCC,1,15
3,3,3,33.3,Control,CCC,Control.CCC,2,13
3,3,3,33.3,Control,CCC,Control.CCC,3,3
3,3,3,33.3,Control,CCC,Control.CCC,4,1
3,3,3,33.3,Control,CCC,Control.CCC,5,3
3,3,3,33.3,Control,CCC,Control.CCC,6,1
3,3,3,33.3,Control,CCC,Control.CCC,7,2
3,3,3,33.3,Control,CCC,Control.CCC,8,0
3,3,3,33.3,Control,CCC,Control.CCC,9,2
3,3,3,33.3,Control,CCC,Control.CCC,10,1
3,3,3,33.3,Control,CCC,Control.CCC,11,1
3,3,3,33.3,Control,CCC,Control.CCC,12,0
3,3,3,33.3,Control,CCC,Control.CCC,13,1
3,3,3,33.3,Control,CCC,Control.CCC,14,7
3,3,3,33.3,Control,CCC,Control.CCC,15,0
3,4,1,34.1,Competition,CCL,Competition.CCL,1,0
3,4,1,34.1,Competition,CCL,Competition.CCL,2,7
3,4,1,34.1,Competition,CCL,Competition.CCL,3,0
3,4,1,34.1,Competition,CCL,Competition.CCL,4,5
3,4,1,34.1,Competition,CCL,Competition.CCL,5,1
3,4,1,34.1,Competition,CCL,Competition.CCL,6,0
3,4,1,34.1,Competition,CCL,Competition.CCL,7,5
3,4,1,34.1,Competition,CCL,Competition.CCL,8,4
3,4,1,34.1,Competition,CCL,Competition.CCL,9,6
3,4,1,34.1,Competition,CCL,Competition.CCL,10,0
3,4,1,34.1,Competition,CCL,Competition.CCL,11,0
3,4,1,34.1,Competition,CCL,Competition.CCL,12,0
3,4,1,34.1,Competition,CCL,Competition.CCL,13,5
3,4,1,34.1,Competition,CCL,Competition.CCL,14,3
3,4,1,34.1,Competition,CCL,Competition.CCL,15,0
3,4,2,34.2,Control,CCL,Control.CCL,1,10
3,4,2,34.2,Control,CCL,Control.CCL,2,7
3,4,2,34.2,Control,CCL,Control.CCL,3,0
3,4,2,34.2,Control,CCL,Control.CCL,4,11
3,4,2,34.2,Control,CCL,Control.CCL,5,4
3,4,2,34.2,Control,CCL,Control.CCL,6,3
3,4,2,34.2,Control,CCL,Control.CCL,7,0
3,4,2,34.2,Control,CCL,Control.CCL,8,6
3,4,2,34.2,Control,CCL,Control.CCL,9,1
3,4,2,34.2,Control,CCL,Control.CCL,10,0
3,4,2,34.2,Control,CCL,Control.CCL,11,0
3,4,2,34.2,Control,CCL,Control.CCL,12,0
3,4,2,34.2,Control,CCL,Control.CCL,13,0
3,4,2,34.2,Control,CCL,Control.CCL,14,7
3,4,2,34.2,Control,CCL,Control.CCL,15,0
3,4,3,34.3,Control,CCL,Control.CCL,1,13
3,4,3,34.3,Control,CCL,Control.CCL,2,15
3,4,3,34.3,Control,CCL,Control.CCL,3,2
3,4,3,34.3,Control,CCL,Control.CCL,4,4
3,4,3,34.3,Control,CCL,Control.CCL,5,5
3,4,3,34.3,Control,CCL,Control.CCL,6,1
3,4,3,34.3,Control,CCL,Control.CCL,7,2
3,4,3,34.3,Control,CCL,Control.CCL,8,5
3,4,3,34.3,Control,CCL,Control.CCL,9,8
3,4,3,34.3,Control,CCL,Control.CCL,10,0
3,4,3,34.3,Control,CCL,Control.CCL,11,1
3,4,3,34.3,Control,CCL,Control.CCL,12,2
3,4,3,34.3,Control,CCL,Control.CCL,13,3
3,4,3,34.3,Control,CCL,Control.CCL,14,9
3,4,3,34.3,Control,CCL,Control.CCL,15,0
4,1,1,41.1,Competition,LLL,Competition.LLL,1,0
4,1,1,41.1,Competition,LLL,Competition.LLL,2,0
4,1,1,41.1,Competition,LLL,Competition.LLL,3,0
4,1,1,41.1,Competition,LLL,Competition.LLL,4,1
4,1,1,41.1,Competition,LLL,Competition.LLL,5,0
4,1,1,41.1,Competition,LLL,Competition.LLL,6,0
4,1,1,41.1,Competition,LLL,Competition.LLL,7,0
4,1,1,41.1,Competition,LLL,Competition.LLL,8,3
4,1,1,41.1,Competition,LLL,Competition.LLL,9,0
4,1,1,41.1,Competition,LLL,Competition.LLL,10,0
4,1,1,41.1,Competition,LLL,Competition.LLL,11,0
4,1,1,41.1,Competition,LLL,Competition.LLL,12,0
4,1,1,41.1,Competition,LLL,Competition.LLL,13,0
4,1,1,41.1,Competition,LLL,Competition.LLL,14,0
4,1,1,41.1,Competition,LLL,Competition.LLL,15,0
4,1,2,41.2,Competition,LLL,Competition.LLL,1,0
4,1,2,41.2,Competition,LLL,Competition.LLL,2,0
4,1,2,41.2,Competition,LLL,Competition.LLL,3,0
4,1,2,41.2,Competition,LLL,Competition.LLL,4,0
4,1,2,41.2,Competition,LLL,Competition.LLL,5,0
4,1,2,41.2,Competition,LLL,Competition.LLL,6,0
4,1,2,41.2,Competition,LLL,Competition.LLL,7,0
4,1,2,41.2,Competition,LLL,Competition.LLL,8,3
4,1,2,41.2,Competition,LLL,Competition.LLL,9,0
4,1,2,41.2,Competition,LLL,Competition.LLL,10,0
4,1,2,41.2,Competition,LLL,Competition.LLL,11,0
4,1,2,41.2,Competition,LLL,Competition.LLL,12,0
4,1,2,41.2,Competition,LLL,Competition.LLL,13,0
4,1,2,41.2,Competition,LLL,Competition.LLL,14,0
4,1,2,41.2,Competition,LLL,Competition.LLL,15,0
4,1,3,41.3,Competition,LLL,Competition.LLL,1,0
4,1,3,41.3,Competition,LLL,Competition.LLL,2,3
4,1,3,41.3,Competition,LLL,Competition.LLL,3,0
4,1,3,41.3,Competition,LLL,Competition.LLL,4,0
4,1,3,41.3,Competition,LLL,Competition.LLL,5,0
4,1,3,41.3,Competition,LLL,Competition.LLL,6,0
4,1,3,41.3,Competition,LLL,Competition.LLL,7,0
4,1,3,41.3,Competition,LLL,Competition.LLL,8,3
4,1,3,41.3,Competition,LLL,Competition.LLL,9,0
4,1,3,41.3,Competition,LLL,Competition.LLL,10,0
4,1,3,41.3,Competition,LLL,Competition.LLL,11,0
4,1,3,41.3,Competition,LLL,Competition.LLL,12,0
4,1,3,41.3,Competition,LLL,Competition.LLL,13,0
4,1,3,41.3,Competition,LLL,Competition.LLL,14,2
4,1,3,41.3,Competition,LLL,Competition.LLL,15,0
4,2,1,42.1,Control,CLL,Control.CLL,1,4
4,2,1,42.1,Control,CLL,Control.CLL,2,22
4,2,1,42.1,Control,CLL,Control.CLL,3,0
4,2,1,42.1,Control,CLL,Control.CLL,4,2
4,2,1,42.1,Control,CLL,Control.CLL,5,5
4,2,1,42.1,Control,CLL,Control.CLL,6,7
4,2,1,42.1,Control,CLL,Control.CLL,7,0
4,2,1,42.1,Control,CLL,Control.CLL,8,1
4,2,1,42.1,Control,CLL,Control.CLL,9,6
4,2,1,42.1,Control,CLL,Control.CLL,10,0
4,2,1,42.1,Control,CLL,Control.CLL,11,0
4,2,1,42.1,Control,CLL,Control.CLL,12,0
4,2,1,42.1,Control,CLL,Control.CLL,13,0
4,2,1,42.1,Control,CLL,Control.CLL,14,0
4,2,1,42.1,Control,CLL,Control.CLL,15,0
4,2,2,42.2,Competition,CLL,Competition.CLL,1,0
4,2,2,42.2,Competition,CLL,Competition.CLL,2,1
4,2,2,42.2,Competition,CLL,Competition.CLL,3,0
4,2,2,42.2,Competition,CLL,Competition.CLL,4,0
4,2,2,42.2,Competition,CLL,Competition.CLL,5,1
4,2,2,42.2,Competition,CLL,Competition.CLL,6,0
4,2,2,42.2,Competition,CLL,Competition.CLL,7,0
4,2,2,42.2,Competition,CLL,Competition.CLL,8,2
4,2,2,42.2,Competition,CLL,Competition.CLL,9,0
4,2,2,42.2,Competition,CLL,Competition.CLL,10,8
4,2,2,42.2,Competition,CLL,Competition.CLL,11,0
4,2,2,42.2,Competition,CLL,Competition.CLL,12,0
4,2,2,42.2,Competition,CLL,Competition.CLL,13,0
4,2,2,42.2,Competition,CLL,Competition.CLL,14,0
4,2,2,42.2,Competition,CLL,Competition.CLL,15,0
4,2,3,42.3,Competition,CLL,Competition.CLL,1,0
4,2,3,42.3,Competition,CLL,Competition.CLL,2,1
4,2,3,42.3,Competition,CLL,Competition.CLL,3,0
4,2,3,42.3,Competition,CLL,Competition.CLL,4,0
4,2,3,42.3,Competition,CLL,Competition.CLL,5,0
4,2,3,42.3,Competition,CLL,Competition.CLL,6,0
4,2,3,42.3,Competition,CLL,Competition.CLL,7,0
4,2,3,42.3,Competition,CLL,Competition.CLL,8,0
4,2,3,42.3,Competition,CLL,Competition.CLL,9,0
4,2,3,42.3,Competition,CLL,Competition.CLL,10,0
4,2,3,42.3,Competition,CLL,Competition.CLL,11,0
4,2,3,42.3,Competition,CLL,Competition.CLL,12,0
4,2,3,42.3,Competition,CLL,Competition.CLL,13,0
4,2,3,42.3,Competition,CLL,Competition.CLL,14,0
4,2,3,42.3,Competition,CLL,Competition.CLL,15,0
4,3,1,43.1,Control,CCC,Control.CCC,1,3
4,3,1,43.1,Control,CCC,Control.CCC,2,29
4,3,1,43.1,Control,CCC,Control.CCC,3,0
4,3,1,43.1,Control,CCC,Control.CCC,4,5
4,3,1,43.1,Control,CCC,Control.CCC,5,2
4,3,1,43.1,Control,CCC,Control.CCC,6,5
4,3,1,43.1,Control,CCC,Control.CCC,7,0
4,3,1,43.1,Control,CCC,Control.CCC,8,2
4,3,1,43.1,Control,CCC,Control.CCC,9,0
4,3,1,43.1,Control,CCC,Control.CCC,10,0
4,3,1,43.1,Control,CCC,Control.CCC,11,0
4,3,1,43.1,Control,CCC,Control.CCC,12,0
4,3,1,43.1,Control,CCC,Control.CCC,13,0
4,3,1,43.1,Control,CCC,Control.CCC,14,0
4,3,1,43.1,Control,CCC,Control.CCC,15,0
4,3,2,43.2,Control,CCC,Control.CCC,1,2
4,3,2,43.2,Control,CCC,Control.CCC,2,41
4,3,2,43.2,Control,CCC,Control.CCC,3,0
4,3,2,43.2,Control,CCC,Control.CCC,4,2
4,3,2,43.2,Control,CCC,Control.CCC,5,3
4,3,2,43.2,Control,CCC,Control.CCC,6,1
4,3,2,43.2,Control,CCC,Control.CCC,7,0
4,3,2,43.2,Control,CCC,Control.CCC,8,4
4,3,2,43.2,Control,CCC,Control.CCC,9,3
4,3,2,43.2,Control,CCC,Control.CCC,10,4
4,3,2,43.2,Control,CCC,Control.CCC,11,0
4,3,2,43.2,Control,CCC,Control.CCC,12,0
4,3,2,43.2,Control,CCC,Control.CCC,13,0
4,3,2,43.2,Control,CCC,Control.CCC,14,0
4,3,2,43.2,Control,CCC,Control.CCC,15,0
4,3,3,43.3,Control,CCC,Control.CCC,1,6
4,3,3,43.3,Control,CCC,Control.CCC,2,27
4,3,3,43.3,Control,CCC,Control.CCC,3,0
4,3,3,43.3,Control,CCC,Control.CCC,4,8
4,3,3,43.3,Control,CCC,Control.CCC,5,1
4,3,3,43.3,Control,CCC,Control.CCC,6,3
4,3,3,43.3,Control,CCC,Control.CCC,7,2
4,3,3,43.3,Control,CCC,Control.CCC,8,5
4,3,3,43.3,Control,CCC,Control.CCC,9,1
4,3,3,43.3,Control,CCC,Control.CCC,10,0
4,3,3,43.3,Control,CCC,Control.CCC,11,0
4,3,3,43.3,Control,CCC,Control.CCC,12,0
4,3,3,43.3,Control,CCC,Control.CCC,13,1
4,3,3,43.3,Control,CCC,Control.CCC,14,0
4,3,3,43.3,Control,CCC,Control.CCC,15,0
4,4,1,44.1,Competition,CCL,Competition.CCL,1,0
4,4,1,44.1,Competition,CCL,Competition.CCL,2,1
4,4,1,44.1,Competition,CCL,Competition.CCL,3,0
4,4,1,44.1,Competition,CCL,Competition.CCL,4,1
4,4,1,44.1,Competition,CCL,Competition.CCL,5,2
4,4,1,44.1,Competition,CCL,Competition.CCL,6,0
4,4,1,44.1,Competition,CCL,Competition.CCL,7,1
4,4,1,44.1,Competition,CCL,Competition.CCL,8,3
4,4,1,44.1,Competition,CCL,Competition.CCL,9,6
4,4,1,44.1,Competition,CCL,Competition.CCL,10,3
4,4,1,44.1,Competition,CCL,Competition.CCL,11,0
4,4,1,44.1,Competition,CCL,Competition.CCL,12,0
4,4,1,44.1,Competition,CCL,Competition.CCL,13,0
4,4,1,44.1,Competition,CCL,Competition.CCL,14,0
4,4,1,44.1,Competition,CCL,Competition.CCL,15,0
4,4,2,44.2,Control,CCL,Control.CCL,1,3
4,4,2,44.2,Control,CCL,Control.CCL,2,23
4,4,2,44.2,Control,CCL,Control.CCL,3,0
4,4,2,44.2,Control,CCL,Control.CCL,4,7
4,4,2,44.2,Control,CCL,Control.CCL,5,3
4,4,2,44.2,Control,CCL,Control.CCL,6,1
4,4,2,44.2,Control,CCL,Control.CCL,7,0
4,4,2,44.2,Control,CCL,Control.CCL,8,1
4,4,2,44.2,Control,CCL,Control.CCL,9,9
4,4,2,44.2,Control,CCL,Control.CCL,10,0
4,4,2,44.2,Control,CCL,Control.CCL,11,0
4,4,2,44.2,Control,CCL,Control.CCL,12,0
4,4,2,44.2,Control,CCL,Control.CCL,13,0
4,4,2,44.2,Control,CCL,Control.CCL,14,1
4,4,2,44.2,Control,CCL,Control.CCL,15,0
4,4,3,44.3,Control,CCL,Control.CCL,1,7
4,4,3,44.3,Control,CCL,Control.CCL,2,1
4,4,3,44.3,Control,CCL,Control.CCL,3,0
4,4,3,44.3,Control,CCL,Control.CCL,4,2
4,4,3,44.3,Control,CCL,Control.CCL,5,0
4,4,3,44.3,Control,CCL,Control.CCL,6,0
4,4,3,44.3,Control,CCL,Control.CCL,7,0
4,4,3,44.3,Control,CCL,Control.CCL,8,4
4,4,3,44.3,Control,CCL,Control.CCL,9,1
4,4,3,44.3,Control,CCL,Control.CCL,10,0
4,4,3,44.3,Control,CCL,Control.CCL,11,0
4,4,3,44.3,Control,CCL,Control.CCL,12,0
4,4,3,44.3,Control,CCL,Control.CCL,13,0
4,4,3,44.3,Control,CCL,Control.CCL,14,0
4,4,3,44.3,Control,CCL,Control.CCL,15,0
5,1,1,51.1,Competition,CLL,Competition.CLL,1,0
5,1,1,51.1,Competition,CLL,Competition.CLL,2,0
5,1,1,51.1,Competition,CLL,Competition.CLL,3,0
5,1,1,51.1,Competition,CLL,Competition.CLL,4,0
5,1,1,51.1,Competition,CLL,Competition.CLL,5,0
5,1,1,51.1,Competition,CLL,Competition.CLL,6,0
5,1,1,51.1,Competition,CLL,Competition.CLL,7,3
5,1,1,51.1,Competition,CLL,Competition.CLL,8,0
5,1,1,51.1,Competition,CLL,Competition.CLL,9,0
5,1,1,51.1,Competition,CLL,Competition.CLL,10,0
5,1,1,51.1,Competition,CLL,Competition.CLL,11,0
5,1,1,51.1,Competition,CLL,Competition.CLL,12,0
5,1,1,51.1,Competition,CLL,Competition.CLL,13,0
5,1,1,51.1,Competition,CLL,Competition.CLL,14,0
5,1,2,51.2,Control,CLL,Control.CLL,1,9
5,1,2,51.2,Control,CLL,Control.CLL,2,0
5,1,2,51.2,Control,CLL,Control.CLL,3,2
5,1,2,51.2,Control,CLL,Control.CLL,4,8
5,1,2,51.2,Control,CLL,Control.CLL,5,10
5,1,2,51.2,Control,CLL,Control.CLL,6,0
5,1,2,51.2,Control,CLL,Control.CLL,7,9
5,1,2,51.2,Control,CLL,Control.CLL,8,1
5,1,2,51.2,Control,CLL,Control.CLL,9,0
5,1,2,51.2,Control,CLL,Control.CLL,10,0
5,1,2,51.2,Control,CLL,Control.CLL,11,0
5,1,2,51.2,Control,CLL,Control.CLL,12,0
5,1,2,51.2,Control,CLL,Control.CLL,13,0
5,1,2,51.2,Control,CLL,Control.CLL,14,0
5,1,3,51.3,Competition,CLL,Competition.CLL,1,0
5,1,3,51.3,Competition,CLL,Competition.CLL,2,0
5,1,3,51.3,Competition,CLL,Competition.CLL,3,1
5,1,3,51.3,Competition,CLL,Competition.CLL,4,0
5,1,3,51.3,Competition,CLL,Competition.CLL,5,1
5,1,3,51.3,Competition,CLL,Competition.CLL,6,0
5,1,3,51.3,Competition,CLL,Competition.CLL,7,9
5,1,3,51.3,Competition,CLL,Competition.CLL,8,7
5,1,3,51.3,Competition,CLL,Competition.CLL,9,0
5,1,3,51.3,Competition,CLL,Competition.CLL,10,0
5,1,3,51.3,Competition,CLL,Competition.CLL,11,0
5,1,3,51.3,Competition,CLL,Competition.CLL,12,0
5,1,3,51.3,Competition,CLL,Competition.CLL,13,0
5,1,3,51.3,Competition,CLL,Competition.CLL,14,0
5,2,1,52.1,Control,CCC,Control.CCC,1,14
5,2,1,52.1,Control,CCC,Control.CCC,2,0
5,2,1,52.1,Control,CCC,Control.CCC,3,0
5,2,1,52.1,Control,CCC,Control.CCC,4,13
5,2,1,52.1,Control,CCC,Control.CCC,5,10
5,2,1,52.1,Control,CCC,Control.CCC,6,16
5,2,1,52.1,Control,CCC,Control.CCC,7,7
5,2,1,52.1,Control,CCC,Control.CCC,8,2
5,2,1,52.1,Control,CCC,Control.CCC,9,0
5,2,1,52.1,Control,CCC,Control.CCC,10,1
5,2,1,52.1,Control,CCC,Control.CCC,11,0
5,2,1,52.1,Control,CCC,Control.CCC,12,0
5,2,1,52.1,Control,CCC,Control.CCC,13,11
5,2,1,52.1,Control,CCC,Control.CCC,14,0
5,2,2,52.2,Control,CCC,Control.CCC,1,21
5,2,2,52.2,Control,CCC,Control.CCC,2,0
5,2,2,52.2,Control,CCC,Control.CCC,3,9
5,2,2,52.2,Control,CCC,Control.CCC,4,0
5,2,2,52.2,Control,CCC,Control.CCC,5,0
5,2,2,52.2,Control,CCC,Control.CCC,6,3
5,2,2,52.2,Control,CCC,Control.CCC,7,12
5,2,2,52.2,Control,CCC,Control.CCC,8,2
5,2,2,52.2,Control,CCC,Control.CCC,9,1
5,2,2,52.2,Control,CCC,Control.CCC,10,0
5,2,2,52.2,Control,CCC,Control.CCC,11,0
5,2,2,52.2,Control,CCC,Control.CCC,12,1
5,2,2,52.2,Control,CCC,Control.CCC,13,0
5,2,2,52.2,Control,CCC,Control.CCC,14,0
5,2,3,52.3,Control,CCC,Control.CCC,1,19
5,2,3,52.3,Control,CCC,Control.CCC,2,3
5,2,3,52.3,Control,CCC,Control.CCC,3,0
5,2,3,52.3,Control,CCC,Control.CCC,4,1
5,2,3,52.3,Control,CCC,Control.CCC,5,6
5,2,3,52.3,Control,CCC,Control.CCC,6,2
5,2,3,52.3,Control,CCC,Control.CCC,7,7
5,2,3,52.3,Control,CCC,Control.CCC,8,7
5,2,3,52.3,Control,CCC,Control.CCC,9,2
5,2,3,52.3,Control,CCC,Control.CCC,10,0
5,2,3,52.3,Control,CCC,Control.CCC,11,0
5,2,3,52.3,Control,CCC,Control.CCC,12,0
5,2,3,52.3,Control,CCC,Control.CCC,13,3
5,2,3,52.3,Control,CCC,Control.CCC,14,0
5,3,1,53.1,Control,CCL,Control.CCL,1,16
5,3,1,53.1,Control,CCL,Control.CCL,2,1
5,3,1,53.1,Control,CCL,Control.CCL,3,0
5,3,1,53.1,Control,CCL,Control.CCL,4,3
5,3,1,53.1,Control,CCL,Control.CCL,5,9
5,3,1,53.1,Control,CCL,Control.CCL,6,1
5,3,1,53.1,Control,CCL,Control.CCL,7,5
5,3,1,53.1,Control,CCL,Control.CCL,8,2
5,3,1,53.1,Control,CCL,Control.CCL,9,0
5,3,1,53.1,Control,CCL,Control.CCL,10,0
5,3,1,53.1,Control,CCL,Control.CCL,11,0
5,3,1,53.1,Control,CCL,Control.CCL,12,0
5,3,1,53.1,Control,CCL,Control.CCL,13,0
5,3,1,53.1,Control,CCL,Control.CCL,14,0
5,3,2,53.2,Control,CCL,Control.CCL,1,14
5,3,2,53.2,Control,CCL,Control.CCL,2,0
5,3,2,53.2,Control,CCL,Control.CCL,3,7
5,3,2,53.2,Control,CCL,Control.CCL,4,0
5,3,2,53.2,Control,CCL,Control.CCL,5,1
5,3,2,53.2,Control,CCL,Control.CCL,6,0
5,3,2,53.2,Control,CCL,Control.CCL,7,4
5,3,2,53.2,Control,CCL,Control.CCL,8,0
5,3,2,53.2,Control,CCL,Control.CCL,9,0
5,3,2,53.2,Control,CCL,Control.CCL,10,0
5,3,2,53.2,Control,CCL,Control.CCL,11,0
5,3,2,53.2,Control,CCL,Control.CCL,12,0
5,3,2,53.2,Control,CCL,Control.CCL,13,0
5,3,2,53.2,Control,CCL,Control.CCL,14,0
5,3,3,53.3,Competition,CCL,Competition.CCL,1,6
5,3,3,53.3,Competition,CCL,Competition.CCL,2,1
5,3,3,53.3,Competition,CCL,Competition.CCL,3,0
5,3,3,53.3,Competition,CCL,Competition.CCL,4,0
5,3,3,53.3,Competition,CCL,Competition.CCL,5,1
5,3,3,53.3,Competition,CCL,Competition.CCL,6,1
5,3,3,53.3,Competition,CCL,Competition.CCL,7,1
5,3,3,53.3,Competition,CCL,Competition.CCL,8,0
5,3,3,53.3,Competition,CCL,Competition.CCL,9,0
5,3,3,53.3,Competition,CCL,Competition.CCL,10,0
5,3,3,53.3,Competition,CCL,Competition.CCL,11,0
5,3,3,53.3,Competition,CCL,Competition.CCL,12,0
5,3,3,53.3,Competition,CCL,Competition.CCL,13,0
5,3,3,53.3,Competition,CCL,Competition.CCL,14,0
5,4,1,54.1,Competition,LLL,Competition.LLL,1,2
5,4,1,54.1,Competition,LLL,Competition.LLL,2,0
5,4,1,54.1,Competition,LLL,Competition.LLL,3,0
5,4,1,54.1,Competition,LLL,Competition.LLL,4,0
5,4,1,54.1,Competition,LLL,Competition.LLL,5,0
5,4,1,54.1,Competition,LLL,Competition.LLL,6,0
5,4,1,54.1,Competition,LLL,Competition.LLL,7,1
5,4,1,54.1,Competition,LLL,Competition.LLL,8,5
5,4,1,54.1,Competition,LLL,Competition.LLL,9,0
5,4,1,54.1,Competition,LLL,Competition.LLL,10,0
5,4,1,54.1,Competition,LLL,Competition.LLL,11,0
5,4,1,54.1,Competition,LLL,Competition.LLL,12,0
5,4,1,54.1,Competition,LLL,Competition.LLL,13,0
5,4,1,54.1,Competition,LLL,Competition.LLL,14,0
5,4,2,54.2,Competition,LLL,Competition.LLL,1,1
5,4,2,54.2,Competition,LLL,Competition.LLL,2,0
5,4,2,54.2,Competition,LLL,Competition.LLL,3,0
5,4,2,54.2,Competition,LLL,Competition.LLL,4,0
5,4,2,54.2,Competition,LLL,Competition.LLL,5,0
5,4,2,54.2,Competition,LLL,Competition.LLL,6,0
5,4,2,54.2,Competition,LLL,Competition.LLL,7,5
5,4,2,54.2,Competition,LLL,Competition.LLL,8,4
5,4,2,54.2,Competition,LLL,Competition.LLL,9,0
5,4,2,54.2,Competition,LLL,Competition.LLL,10,1
5,4,2,54.2,Competition,LLL,Competition.LLL,11,0
5,4,2,54.2,Competition,LLL,Competition.LLL,12,0
5,4,2,54.2,Competition,LLL,Competition.LLL,13,0
5,4,2,54.2,Competition,LLL,Competition.LLL,14,0
5,4,3,54.3,Competition,LLL,Competition.LLL,1,0
5,4,3,54.3,Competition,LLL,Competition.LLL,2,0
5,4,3,54.3,Competition,LLL,Competition.LLL,3,0
5,4,3,54.3,Competition,LLL,Competition.LLL,4,0
5,4,3,54.3,Competition,LLL,Competition.LLL,5,0
5,4,3,54.3,Competition,LLL,Competition.LLL,6,0
5,4,3,54.3,Competition,LLL,Competition.LLL,7,3
5,4,3,54.3,Competition,LLL,Competition.LLL,8,5
5,4,3,54.3,Competition,LLL,Competition.LLL,9,0
5,4,3,54.3,Competition,LLL,Competition.LLL,10,0
5,4,3,54.3,Competition,LLL,Competition.LLL,11,0
5,4,3,54.3,Competition,LLL,Competition.LLL,12,0
5,4,3,54.3,Competition,LLL,Competition.LLL,13,0
5,4,3,54.3,Competition,LLL,Competition.LLL,14,0
6,1,1,61.1,Competition,CLL,Competition.CLL,1,2
6,1,1,61.1,Competition,CLL,Competition.CLL,2,0
6,1,1,61.1,Competition,CLL,Competition.CLL,3,0
6,1,1,61.1,Competition,CLL,Competition.CLL,4,1
6,1,1,61.1,Competition,CLL,Competition.CLL,5,1
6,1,1,61.1,Competition,CLL,Competition.CLL,6,9
6,1,1,61.1,Competition,CLL,Competition.CLL,7,5
6,1,1,61.1,Competition,CLL,Competition.CLL,8,1
6,1,1,61.1,Competition,CLL,Competition.CLL,9,0
6,1,1,61.1,Competition,CLL,Competition.CLL,10,0
6,1,1,61.1,Competition,CLL,Competition.CLL,11,1
6,1,1,61.1,Competition,CLL,Competition.CLL,12,0
6,1,1,61.1,Competition,CLL,Competition.CLL,13,1
6,1,1,61.1,Competition,CLL,Competition.CLL,14,0
6,1,2,61.2,Control,CLL,Control.CLL,1,8
6,1,2,61.2,Control,CLL,Control.CLL,2,0
6,1,2,61.2,Control,CLL,Control.CLL,3,7
6,1,2,61.2,Control,CLL,Control.CLL,4,1
6,1,2,61.2,Control,CLL,Control.CLL,5,5
6,1,2,61.2,Control,CLL,Control.CLL,6,14
6,1,2,61.2,Control,CLL,Control.CLL,7,1
6,1,2,61.2,Control,CLL,Control.CLL,8,4
6,1,2,61.2,Control,CLL,Control.CLL,9,1
6,1,2,61.2,Control,CLL,Control.CLL,10,0
6,1,2,61.2,Control,CLL,Control.CLL,11,0
6,1,2,61.2,Control,CLL,Control.CLL,12,0
6,1,2,61.2,Control,CLL,Control.CLL,13,3
6,1,2,61.2,Control,CLL,Control.CLL,14,0
6,1,3,61.3,Competition,CLL,Competition.CLL,1,2
6,1,3,61.3,Competition,CLL,Competition.CLL,2,0
6,1,3,61.3,Competition,CLL,Competition.CLL,3,1
6,1,3,61.3,Competition,CLL,Competition.CLL,4,0
6,1,3,61.3,Competition,CLL,Competition.CLL,5,1
6,1,3,61.3,Competition,CLL,Competition.CLL,6,10
6,1,3,61.3,Competition,CLL,Competition.CLL,7,5
6,1,3,61.3,Competition,CLL,Competition.CLL,8,1
6,1,3,61.3,Competition,CLL,Competition.CLL,9,2
6,1,3,61.3,Competition,CLL,Competition.CLL,10,0
6,1,3,61.3,Competition,CLL,Competition.CLL,11,0
6,1,3,61.3,Competition,CLL,Competition.CLL,12,0
6,1,3,61.3,Competition,CLL,Competition.CLL,13,3
6,1,3,61.3,Competition,CLL,Competition.CLL,14,0
6,2,1,62.1,Competition,LLL,Competition.LLL,1,1
6,2,1,62.1,Competition,LLL,Competition.LLL,2,0
6,2,1,62.1,Competition,LLL,Competition.LLL,3,0
6,2,1,62.1,Competition,LLL,Competition.LLL,4,1
6,2,1,62.1,Competition,LLL,Competition.LLL,5,3
6,2,1,62.1,Competition,LLL,Competition.LLL,6,2
6,2,1,62.1,Competition,LLL,Competition.LLL,7,0
6,2,1,62.1,Competition,LLL,Competition.LLL,8,2
6,2,1,62.1,Competition,LLL,Competition.LLL,9,1
6,2,1,62.1,Competition,LLL,Competition.LLL,10,0
6,2,1,62.1,Competition,LLL,Competition.LLL,11,0
6,2,1,62.1,Competition,LLL,Competition.LLL,12,0
6,2,1,62.1,Competition,LLL,Competition.LLL,13,0
6,2,1,62.1,Competition,LLL,Competition.LLL,14,0
6,2,2,62.2,Competition,LLL,Competition.LLL,1,0
6,2,2,62.2,Competition,LLL,Competition.LLL,2,0
6,2,2,62.2,Competition,LLL,Competition.LLL,3,0
6,2,2,62.2,Competition,LLL,Competition.LLL,4,3
6,2,2,62.2,Competition,LLL,Competition.LLL,5,1
6,2,2,62.2,Competition,LLL,Competition.LLL,6,4
6,2,2,62.2,Competition,LLL,Competition.LLL,7,6
6,2,2,62.2,Competition,LLL,Competition.LLL,8,3
6,2,2,62.2,Competition,LLL,Competition.LLL,9,0
6,2,2,62.2,Competition,LLL,Competition.LLL,10,0
6,2,2,62.2,Competition,LLL,Competition.LLL,11,0
6,2,2,62.2,Competition,LLL,Competition.LLL,12,0
6,2,2,62.2,Competition,LLL,Competition.LLL,13,1
6,2,2,62.2,Competition,LLL,Competition.LLL,14,0
6,2,3,62.3,Competition,LLL,Competition.LLL,1,1
6,2,3,62.3,Competition,LLL,Competition.LLL,2,1
6,2,3,62.3,Competition,LLL,Competition.LLL,3,0
6,2,3,62.3,Competition,LLL,Competition.LLL,4,6
6,2,3,62.3,Competition,LLL,Competition.LLL,5,7
6,2,3,62.3,Competition,LLL,Competition.LLL,6,6
6,2,3,62.3,Competition,LLL,Competition.LLL,7,8
6,2,3,62.3,Competition,LLL,Competition.LLL,8,0
6,2,3,62.3,Competition,LLL,Competition.LLL,9,0
6,2,3,62.3,Competition,LLL,Competition.LLL,10,0
6,2,3,62.3,Competition,LLL,Competition.LLL,11,0
6,2,3,62.3,Competition,LLL,Competition.LLL,12,0
6,2,3,62.3,Competition,LLL,Competition.LLL,13,3
6,2,3,62.3,Competition,LLL,Competition.LLL,14,0
6,3,1,63.1,Control,CCL,Control.CCL,1,13
6,3,1,63.1,Control,CCL,Control.CCL,2,0
6,3,1,63.1,Control,CCL,Control.CCL,3,24
6,3,1,63.1,Control,CCL,Control.CCL,4,5
6,3,1,63.1,Control,CCL,Control.CCL,5,13
6,3,1,63.1,Control,CCL,Control.CCL,6,10
6,3,1,63.1,Control,CCL,Control.CCL,7,11
6,3,1,63.1,Control,CCL,Control.CCL,8,10
6,3,1,63.1,Control,CCL,Control.CCL,9,1
6,3,1,63.1,Control,CCL,Control.CCL,10,0
6,3,1,63.1,Control,CCL,Control.CCL,11,0
6,3,1,63.1,Control,CCL,Control.CCL,12,0
6,3,1,63.1,Control,CCL,Control.CCL,13,0
6,3,1,63.1,Control,CCL,Control.CCL,14,0
6,3,2,63.2,Control,CCL,Control.CCL,1,8
6,3,2,63.2,Control,CCL,Control.CCL,2,0
6,3,2,63.2,Control,CCL,Control.CCL,3,19
6,3,2,63.2,Control,CCL,Control.CCL,4,1
6,3,2,63.2,Control,CCL,Control.CCL,5,10
6,3,2,63.2,Control,CCL,Control.CCL,6,4
6,3,2,63.2,Control,CCL,Control.CCL,7,7
6,3,2,63.2,Control,CCL,Control.CCL,8,5
6,3,2,63.2,Control,CCL,Control.CCL,9,0
6,3,2,63.2,Control,CCL,Control.CCL,10,3
6,3,2,63.2,Control,CCL,Control.CCL,11,0
6,3,2,63.2,Control,CCL,Control.CCL,12,1
6,3,2,63.2,Control,CCL,Control.CCL,13,6
6,3,2,63.2,Control,CCL,Control.CCL,14,0
6,3,3,63.3,Competition,CCL,Competition.CCL,1,7
6,3,3,63.3,Competition,CCL,Competition.CCL,2,0
6,3,3,63.3,Competition,CCL,Competition.CCL,3,54
6,3,3,63.3,Competition,CCL,Competition.CCL,4,19
6,3,3,63.3,Competition,CCL,Competition.CCL,5,54
6,3,3,63.3,Competition,CCL,Competition.CCL,6,47
6,3,3,63.3,Competition,CCL,Competition.CCL,7,40
6,3,3,63.3,Competition,CCL,Competition.CCL,8,28
6,3,3,63.3,Competition,CCL,Competition.CCL,9,0
6,3,3,63.3,Competition,CCL,Competition.CCL,10,0
6,3,3,63.3,Competition,CCL,Competition.CCL,11,0
6,3,3,63.3,Competition,CCL,Competition.CCL,12,2
6,3,3,63.3,Competition,CCL,Competition.CCL,13,15
6,3,3,63.3,Competition,CCL,Competition.CCL,14,0
6,4,1,64.1,Control,CCC,Control.CCC,1,16
6,4,1,64.1,Control,CCC,Control.CCC,2,0
6,4,1,64.1,Control,CCC,Control.CCC,3,7
6,4,1,64.1,Control,CCC,Control.CCC,4,11
6,4,1,64.1,Control,CCC,Control.CCC,5,8
6,4,1,64.1,Control,CCC,Control.CCC,6,33
6,4,1,64.1,Control,CCC,Control.CCC,7,8
6,4,1,64.1,Control,CCC,Control.CCC,8,6
6,4,1,64.1,Control,CCC,Control.CCC,9,0
6,4,1,64.1,Control,CCC,Control.CCC,10,6
6,4,1,64.1,Control,CCC,Control.CCC,11,0
6,4,1,64.1,Control,CCC,Control.CCC,12,0
6,4,1,64.1,Control,CCC,Control.CCC,13,3
6,4,1,64.1,Control,CCC,Control.CCC,14,0
6,4,2,64.2,Control,CCC,Control.CCC,1,14
6,4,2,64.2,Control,CCC,Control.CCC,2,0
6,4,2,64.2,Control,CCC,Control.CCC,3,7
6,4,2,64.2,Control,CCC,Control.CCC,4,9
6,4,2,64.2,Control,CCC,Control.CCC,5,21
6,4,2,64.2,Control,CCC,Control.CCC,6,8
6,4,2,64.2,Control,CCC,Control.CCC,7,7
6,4,2,64.2,Control,CCC,Control.CCC,8,7
6,4,2,64.2,Control,CCC,Control.CCC,9,0
6,4,2,64.2,Control,CCC,Control.CCC,10,0
6,4,2,64.2,Control,CCC,Control.CCC,11,5
6,4,2,64.2,Control,CCC,Control.CCC,12,0
6,4,2,64.2,Control,CCC,Control.CCC,13,11
6,4,2,64.2,Control,CCC,Control.CCC,14,0
6,4,3,64.3,Control,CCC,Control.CCC,1,19
6,4,3,64.3,Control,CCC,Control.CCC,2,0
6,4,3,64.3,Control,CCC,Control.CCC,3,4
6,4,3,64.3,Control,CCC,Control.CCC,4,1
6,4,3,64.3,Control,CCC,Control.CCC,5,6
6,4,3,64.3,Control,CCC,Control.CCC,6,13
6,4,3,64.3,Control,CCC,Control.CCC,7,4
6,4,3,64.3,Control,CCC,Control.CCC,8,10
6,4,3,64.3,Control,CCC,Control.CCC,9,0
6,4,3,64.3,Control,CCC,Control.CCC,10,0
6,4,3,64.3,Control,CCC,Control.CCC,11,0
6,4,3,64.3,Control,CCC,Control.CCC,12,0
6,4,3,64.3,Control,CCC,Control.CCC,13,3
6,4,3,64.3,Control,CCC,Control.CCC,14,0
